state,district_name,district_type,nces_lea_id,studentvue_login_url,mobile_app_base_url,district_studentvue_information_url,evidence_url,evidence_title,verification_status,last_verified,notes
Pennsylvania,Benton Area SD,Traditional public school district,4203390,https://pa-basd-psv.edupoint.com/PXP2_Login_Student.aspx,https://pa-basd-psv.edupoint.com/,,https://pa-basd-psv.edupoint.com/PXP2_Login_Student.aspx,StudentVUE,Confirmed current,2026-07-24,Edupoint registry: Benton Area School District (Benton PA 17814); Live StudentVUE login returned HTTP 200. Matched to NCES 2024-25 LEA 4203390 (name score 1.24).
Pennsylvania,Bethlehem Area SD,Traditional public school district,4203570,https://pa-bet-psv.edupoint.com/PXP2_Login_Student.aspx,https://pa-bet-psv.edupoint.com/,,https://pa-bet-psv.edupoint.com/PXP2_Login_Student.aspx,StudentVUE,Confirmed current,2026-07-24,Edupoint registry: Bethlehem Area School District (Bethlehem PA 18017); Live StudentVUE login returned HTTP 200. Matched to NCES 2024-25 LEA 4203570 (name score 1.24).
Pennsylvania,Bethlehem-Center SD,Traditional public school district,4203600,https://pa-bcsd-psv.edupoint.com/PXP2_Login_Student.aspx,https://pa-bcsd-psv.edupoint.com/,,https://pa-bcsd-psv.edupoint.com/PXP2_Login_Student.aspx,StudentVUE,Confirmed current,2026-07-24,Edupoint registry: Bethlehem-Center School District (Fredericktown PA 15333); Live StudentVUE login returned HTTP 200. Matched to NCES 2024-25 LEA 4203600 (name score 1.24).
Pennsylvania,Conneaut SD,Traditional public school district,4206590,https://pa-csd-psv.edupoint.com/PXP2_Login_Student.aspx,https://pa-csd-psv.edupoint.com/,,https://pa-csd-psv.edupoint.com/PXP2_Login_Student.aspx,StudentVUE,Confirmed current,2026-07-24,Edupoint registry: Conneaut School District (Linesville PA 16424); Live StudentVUE login returned HTTP 200. Matched to NCES 2024-25 LEA 4206590 (name score 1.24).
Pennsylvania,Derry Township SD,Traditional public school district,4207590,https://pa-derry.edupoint.com/PXP2_Login_Student.aspx,https://pa-derry.edupoint.com/,,https://pa-derry.edupoint.com/PXP2_Login_Student.aspx,StudentVUE,Confirmed current,2026-07-24,Edupoint registry: Derry Township School District (Hershey PA 17033); Live StudentVUE login returned HTTP 200. Matched to NCES 2024-25 LEA 4207590 (name score 1.24).
Pennsylvania,Greensburg Salem SD,Traditional public school district,4210920,https://pa-gssd-psv.edupoint.com/PXP2_Login_Student.aspx,https://pa-gssd-psv.edupoint.com/,https://www.greensburgsalem.org/,https://www.greensburgsalem.org/,Home - Greensburg Salem School District,Confirmed current,2026-07-24,Edupoint registry: Greensburg-Salem School District (Greensburg PA 15601); Live StudentVUE login returned HTTP 200. Matched to NCES 2024-25 LEA 4210920 (name score 1.24).
Pennsylvania,Hempfield Area SD,Traditional public school district,4211760,https://pa-hasd-psv.edupoint.com/PXP2_Login_Student.aspx,https://pa-hasd-psv.edupoint.com/,,https://pa-hasd-psv.edupoint.com/PXP2_Login_Student.aspx,StudentVUE,Confirmed current,2026-07-24,Edupoint registry: Hempfield Area School District (Greensburg PA 15601); Live StudentVUE login returned HTTP 200. Matched to NCES 2024-25 LEA 4211760 (name score 1.24).
Pennsylvania,Jeannette City SD,Traditional public school district,4212330,https://pa-jcsd-psv.edupoint.com/PXP2_Login_Student.aspx,https://pa-jcsd-psv.edupoint.com/,,https://pa-jcsd-psv.edupoint.com/PXP2_Login_Student.aspx,StudentVUE,Confirmed current,2026-07-24,Edupoint registry: Jeannette City School District (Jeanette PA 15644); Live StudentVUE login returned HTTP 200. Matched to NCES 2024-25 LEA 4212330 (name score 1.04).
Pennsylvania,Lancaster SD,Traditional public school district,4213140,https://pa-lan-psv.edupoint.com/PXP2_Login_Student.aspx,https://pa-lan-psv.edupoint.com/,https://sdlancaster.org/,https://sdlancaster.org/,Home - School District of Lancaster,Confirmed current,2026-07-24,Edupoint registry: School District of Lancaster (Lancaster PA 17603); Live StudentVUE login returned HTTP 200. Matched to NCES 2024-25 LEA 4213140 (name score 1.24).
Pennsylvania,Mifflinburg Area SD,Traditional public school district,4226010,https://pa-miff-psv.edupoint.com/PXP2_Login_Student.aspx,https://pa-miff-psv.edupoint.com/,https://www.mifflinburg.org/,https://www.mifflinburg.org/,Home - Mifflinburg Area School District,Confirmed current,2026-07-24,Edupoint registry: Mifflinburg Area School District (Mifflinburg PA 17844); Live StudentVUE login returned HTTP 200. Matched to NCES 2024-25 LEA 4226010 (name score 1.24).
Pennsylvania,City CHS,Public charter LEA,4200094,https://pa-cchs-psv.edupoint.com/PXP2_Login_Student.aspx,https://pa-cchs-psv.edupoint.com/,,https://pa-cchs-psv.edupoint.com/PXP2_Login_Student.aspx,StudentVUE,Confirmed current,2026-07-24,Edupoint registry: City Charter High School (Pittsburgh PA 15222); Live StudentVUE login returned HTTP 200. Matched to NCES 2024-25 LEA 4200882 (name score 0.56).; Registry label is the school's common name; NCES lists the LEA as City CHS.
Pennsylvania,Penncrest SD,Traditional public school district,4218740,https://pa-pcsd-psv.edupoint.com/PXP2_Login_Student.aspx,https://pa-pcsd-psv.edupoint.com/,,https://pa-pcsd-psv.edupoint.com/PXP2_Login_Student.aspx,StudentVUE,Confirmed current,2026-07-24,Edupoint registry: Penncrest School District (Saegertown PA 16433); Live StudentVUE login returned HTTP 200. Matched to NCES 2024-25 LEA 4218740 (name score 1.24).
Pennsylvania,Perkiomen Valley SD,Traditional public school district,4218930,https://parentvue.pvsd.org/PXP2_Login_Student.aspx,https://parentvue.pvsd.org/,https://www.pvsd.org/,https://www.pvsd.org/,Homepage - Perkiomen Valley School District,Confirmed current,2026-07-24,Edupoint registry: Perkiomen Valley School District (Collegeville PA 19426); Live StudentVUE login returned HTTP 200. Matched to NCES 2024-25 LEA 4218930 (name score 1.24).
Pennsylvania,Punxsutawney Area SD,Traditional public school district,4219800,https://pa-pasd-psv.edupoint.com/PXP2_Login_Student.aspx,https://pa-pasd-psv.edupoint.com/,,https://pa-pasd-psv.edupoint.com/PXP2_Login_Student.aspx,StudentVUE,Confirmed current,2026-07-24,Edupoint registry: Punxsutawney Area School District (Punxsutawney PA 15767); Live StudentVUE login returned HTTP 200. Matched to NCES 2024-25 LEA 4219800 (name score 1.24).
Pennsylvania,Redbank Valley SD,Traditional public school district,4220130,https://pa-rvsd-psv.edupoint.com/PXP2_Login_Student.aspx,https://pa-rvsd-psv.edupoint.com/,https://www.redbankvalley.net/,https://www.redbankvalley.net/,Home,Confirmed current,2026-07-24,Edupoint registry: Redbank Valley School District (New Bethlehem PA 16242); Live StudentVUE login returned HTTP 200. Matched to NCES 2024-25 LEA 4220130 (name score 1.24).
Pennsylvania,Shamokin Area SD,Traditional public school district,4221240,https://pa-sha-psv.edupoint.com/PXP2_Login_Student.aspx,https://pa-sha.edupoint.com/pxp2_login_student.aspx,https://www.indians.k12.pa.us/,https://www.indians.k12.pa.us/,Shamokin Area School District - Home,Confirmed current,2026-07-24,Edupoint registry: Shamokin Area School District (Coal Township PA 17866); Live StudentVUE login returned HTTP 200. Matched to NCES 2024-25 LEA 4221240 (name score 1.24).
Pennsylvania,Sharon City SD,Traditional public school district,4221330,https://pa-scsd-psv.edupoint.com/PXP2_Login_Student.aspx,https://pa-scsd.edupoint.com/,,https://pa-scsd-psv.edupoint.com/PXP2_Login_Student.aspx,StudentVUE,Confirmed current,2026-07-24,Edupoint registry: Sharon City School District (Sharon PA 16146); Live StudentVUE login returned HTTP 200. Matched to NCES 2024-25 LEA 4221330 (name score 1.24).
Pennsylvania,Sharpsville Area SD,Traditional public school district,4221420,https://pa-sasd-psv.edupoint.com/PXP2_Login_Student.aspx,https://pa-sasd-psv.edupoint.com/,,https://pa-sasd-psv.edupoint.com/PXP2_Login_Student.aspx,StudentVUE,Confirmed current,2026-07-24,Edupoint registry: Sharpsville Area School District (Sharpsville PA 16150); Live StudentVUE login returned HTTP 200. Matched to NCES 2024-25 LEA 4221420 (name score 1.24).
Pennsylvania,State College Area SD,Traditional public school district,4222770,https://pa-scasd-psv.edupoint.com/PXP2_Login_Student.aspx,,,https://pa-scasd-psv.edupoint.com/PXP2_Login_Student.aspx,,Probable — needs manual verification,2026-07-24,"Edupoint registry: State College Area School District (State College PA 16801); ConnectionError: ('Connection aborted.', RemoteDisconnected('Remote end closed connection without response')) Matched to NCES 2024-25 LEA 4222770 (name score 1.24)."
Pennsylvania,Susquenita SD,Traditional public school district,4223040,https://pa-ssd-psv.edupoint.com/PXP2_Login_Student.aspx,https://pa-ssd-psv.edupoint.com/,,https://pa-ssd-psv.edupoint.com/PXP2_Login_Student.aspx,StudentVUE,Confirmed current,2026-07-24,Edupoint registry: Susquenita School District (Duncannon PA 17020); Live StudentVUE login returned HTTP 200. Matched to NCES 2024-25 LEA 4223040 (name score 1.24).
Pennsylvania,Vida CS,Public charter LEA,4200814,https://pa-vcs-psv.edupoint.com/PXP2_Login_Student.aspx,https://pa-vcs-psv.edupoint.com/,,https://pa-vcs-psv.edupoint.com/PXP2_Login_Student.aspx,StudentVUE,Confirmed current,2026-07-24,Edupoint registry: Vida Charter School (Gettysburg PA 17325); Live StudentVUE login returned HTTP 200. Matched to NCES 2024-25 LEA 4200814 (name score 0.87).
